A US Equity,AGILENT TECHNOLOGIES INC,55.03,2219204
AA US Equity,ALCOA INC,13.32,19789546
AAN US Equity,AARON'S INC,31.49,1617844
AAP US Equity,ADVANCE AUTO PARTS INC,119.45,555860
AB US Equity,ALLIANCEBERNSTEIN HOLDING LP,24.42,310748
ABBV US Equity,ABBVIE INC,52.79,7023045
ABC US Equity,AMERISOURCEBERGEN CORP,64.54,1946748
ABT US Equity,ABBOTT LABORATORIES,38.69,4990223
ACC US Equity,AMERICAN CAMPUS COMMUNITIES,39.26,691244
ACE US Equity,ACE LTD,103.17,1630420
ACM US Equity,AECOM TECHNOLOGY CORP,31.56,860971
ACMP US Equity,ACCESS MIDSTREAM PARTNERS LP,59.07,480786
ACN US Equity,ACCENTURE PLC-CL A,78.21,3421816
ACT US Equity,ACTAVIS PLC,202,1947971
ADM US Equity,ARCHER-DANIELS-MIDLAND CO,44.27,4257124
ADS US Equity,ALLIANCE DATA SYSTEMS CORP,233.67,1385026
ADT US Equity,ADT CORP/THE,31.33,2395456
AEE US Equity,AMEREN CORPORATION,40.98,1634410
AEO US Equity,AMERICAN EAGLE OUTFITTERS,10.93,4682837
AEP US Equity,AMERICAN ELECTRIC POWER,53.5,3366799
AER US Equity,AERCAP HOLDINGS NV,48.03,1934857
AES US Equity,AES CORP,14.47,4398430
AET US Equity,AETNA INC,74.05,2698619
AFG US Equity,AMERICAN FINANCIAL GROUP INC,58.85,273329
AFL US Equity,AFLAC INC,62.59,1583730
AGCO US Equity,AGCO CORP,55.23,1218841
AGN US Equity,ALLERGAN INC,165.87,2455919
AGO US Equity,ASSURED GUARANTY LTD,23.98,2361494
AHL US Equity,ASPEN INSURANCE HOLDINGS LTD,46.31,647917
AIG US Equity,AMERICAN INTERNATIONAL GROUP,51.66,15405449
AIV US Equity,APARTMENT INVT & MGMT CO -A,31.79,880866
AIZ US Equity,ASSURANT INC,66.32,703166
AJG US Equity,ARTHUR J GALLAGHER & CO,44.64,1033825
AL US Equity,AIR LEASE CORP,37.41,925922
ALB US Equity,ALBEMARLE CORP,68.5,555778
ALE US Equity,ALLETE INC,51.23,203023
ALK US Equity,ALASKA AIR GROUP INC,94.07,676827
ALL US Equity,ALLSTATE CORP,57.82,3056490
ALLE US Equity,ALLEGION PLC,49.93,597954
ALLY US Equity,ALLY FINANCIAL INC,24.43,6174203
ALR US Equity,ALERE INC,35.25,723418
ALSN US Equity,ALLISON TRANSMISSION HOLDING,29.64,1494843
ALV US Equity,AUTOLIV INC,102.49,584894
AMC US Equity,AMC ENTERTAINMENT HLDS-CL A,22.02,203975
AMD US Equity,ADVANCED MICRO DEVICES,3.97,22381223
AME US Equity,AMETEK INC,53.02,1118766
AMG US Equity,AFFILIATED MANAGERS GROUP,196.04,416318
AMH US Equity,AMERICAN HOMES 4 RENT- A,16.97,2210079
AMP US Equity,AMERIPRISE FINANCIAL INC,111.58,1036872
AMT US Equity,AMERICAN TOWER CORP,88.35,2843333
AMTD US Equity,TD AMERITRADE HOLDING CORP,31.1,4450189
AN US Equity,AUTONATION INC,53.57,718875
ANF US Equity,ABERCROMBIE & FITCH CO-CL A,35.68,3057315
AOL US Equity,AOL INC,34.85,13846555
AON US Equity,AON PLC,86.36,2021703
AOS US Equity,SMITH (A.O.) CORP,46.61,683983
APA US Equity,APACHE CORP,87.76,3872491
APAM US Equity,ARTISAN PARTNERS ASSET MA -A,56.07,378306
APC US Equity,ANADARKO PETROLEUM CORP,101.9,5432138
APD US Equity,AIR PRODUCTS & CHEMICALS INC,119.92,717397
APH US Equity,AMPHENOL CORP-CL A,95.67,657718
APL US Equity,ATLAS PIPELINE PARTNERS LP,32.25,296300
APO US Equity,APOLLO GLOBAL MANAGEMENT - A,26.83,3277769
APU US Equity,AMERIGAS PARTNERS-LP,44.64,399570
AR US Equity,ANTERO RESOURCES CORP,66.58,904027
ARE US Equity,ALEXANDRIA REAL ESTATE EQUIT,74.77,494050
ARES US Equity,ARES MANAGEMENT LP,17.73,748787
ARG US Equity,AIRGAS INC,105.49,474883
ARMK US Equity,ARAMARK HOLDINGS CORP,27.52,252843
ARW US Equity,ARROW ELECTRONICS INC,54.7,882235
ASH US Equity,ASHLAND INC,102.5,686067
ATHL US Equity,ATHLON ENERGY INC,41.72,1537976
ATHM US Equity,AUTOHOME INC-ADR,29.43,1321278
ATI US Equity,ALLEGHENY TECHNOLOGIES INC,41.29,1155934
ATK US Equity,ALLIANT TECHSYSTEMS INC,153.58,319493
ATLS US Equity,ATLAS ENERGY LP,43.36,783787
ATO US Equity,ATMOS ENERGY CORP,51.59,730632
ATR US Equity,APTARGROUP INC,66.48,340069
ATU US Equity,ACTUANT CORP-A,33.98,583727
ATW US Equity,ATWOOD OCEANICS INC,47.93,552054
AVA US Equity,AVISTA CORP,32.59,471803
AVB US Equity,AVALONBAY COMMUNITIES INC,139.11,1047316
AVP US Equity,AVON PRODUCTS INC,13.34,3714513
AVT US Equity,AVNET INC,41.92,1152072
AVX US Equity,AVX CORP,13.16,252721
AVY US Equity,AVERY DENNISON CORP,48.86,925749
AWH US Equity,ALLIED WORLD ASSURANCE CO,110.61,160188
AWI US Equity,ARMSTRONG WORLD INDUSTRIES,51.88,796192
AWK US Equity,AMERICAN WATER WORKS CO INC,46.92,1073800
AXE US Equity,ANIXTER INTERNATIONAL INC,96.05,151564
AXLL US Equity,AXIALL CORP,43.98,1310095
AXP US Equity,AMERICAN EXPRESS CO,87.98,4601515
AXS US Equity,AXIS CAPITAL HOLDINGS LTD,45.44,1857263
AYI US Equity,ACUITY BRANDS INC,121.81,488247
AZO US Equity,AUTOZONE INC,524.6,143260
B US Equity,BARNES GROUP INC,37.64,229709
BA US Equity,BOEING CO/THE,130.35,2900669
BAC US Equity,BANK OF AMERICA CORP,14.8,91733037
BAH US Equity,BOOZ ALLEN HAMILTON HOLDINGS,24.01,513800
BAP US Equity,CREDICORP LTD,150.41,283661
BAX US Equity,BAXTER INTERNATIONAL INC,74.74,2904139
BBT US Equity,BB&T CORP,37.29,2903323
BBY US Equity,BEST BUY CO INC,25.25,2581907
BC US Equity,BRUNSWICK CORP,39.29,1151285
BCR US Equity,CR BARD INC,141.21,899071
BDC US Equity,BELDEN INC,70.75,654500
BDN US Equity,BRANDYWINE REALTY TRUST,15.27,814704
BDX US Equity,BECTON DICKINSON AND CO,115.34,926359
BEE US Equity,STRATEGIC HOTELS & RESORTS I,10.68,1541031
BEN US Equity,FRANKLIN RESOURCES INC,53.11,2321162
BERY US Equity,BERRY PLASTICS GROUP INC,23.09,1124045
BF/B US Equity,BROWN-FORMAN CORP-CLASS B,90.63,288774
BFAM US Equity,BRIGHT HORIZONS FAMILY SOLUT,39.54,199527
BG US Equity,BUNGE LTD,77.1,1394999
BHI US Equity,BAKER HUGHES INC,71.29,5553612
BID US Equity,SOTHEBY'S,41.55,1899434
BIG US Equity,BIG LOTS INC,38.88,728964
BIO US Equity,BIO-RAD LABORATORIES-A,120.94,123197
BIP US Equity,BROOKFIELD INFRASTRUCTURE PA,40.71,133870
BK US Equity,BANK OF NEW YORK MELLON CORP,34.3,4481884
BKD US Equity,BROOKDALE SENIOR LIVING INC,31.06,1964407
BKE US Equity,BUCKLE INC/THE,46.7,591383
BKH US Equity,BLACK HILLS CORP,58.64,245500
BKU US Equity,BANKUNITED INC,31.9,609611
BKW US Equity,BURGER KING WORLDWIDE INC,25.76,423511
BLK US Equity,BLACKROCK INC,299,611741
BLL US Equity,BALL CORP,57.86,1305746
BMR US Equity,BIOMED REALTY TRUST INC,21.05,1867581
BMS US Equity,BEMIS COMPANY,40.32,937593
BMY US Equity,BRISTOL-MYERS SQUIBB CO,50.77,9114319
BOH US Equity,BANK OF HAWAII CORP,55.42,374603
BPL US Equity,BUCKEYE PARTNERS LP,80.92,466307
BR US Equity,BROADRIDGE FINANCIAL SOLUTIO,38.61,614240
BRK/A US Equity,BERKSHIRE HATHAWAY INC-CL A,191550,538
BRO US Equity,BROWN & BROWN INC,29.33,1732939
BRS US Equity,BRISTOW GROUP INC,76.23,165141
BRX US Equity,BRIXMOR PROPERTY GROUP INC,22.64,468360
BSX US Equity,BOSTON SCIENTIFIC CORP,12.77,9748590
BTU US Equity,PEABODY ENERGY CORP,18.41,7363865
BURL US Equity,BURLINGTON STORES INC,27.44,429094
BWA US Equity,BORGWARNER INC,59.93,1003842
BWC US Equity,BABCOCK & WILCOX CO/THE,34.76,1364166
BWP US Equity,BOARDWALK PIPELINE PARTNERS,15.78,1860825
BX US Equity,BLACKSTONE GROUP LP/THE,28.6,14859362
BXP US Equity,BOSTON PROPERTIES INC,118.7,688598
BXS US Equity,BANCORPSOUTH INC,22.98,400350
BYI US Equity,BALLY TECHNOLOGIES INC,61.34,627820
C US Equity,CITIGROUP INC,46.7,17502520
CAB US Equity,CABELA'S INC,63.92,319227
CAG US Equity,CONAGRA FOODS INC,30.83,2308620
CAH US Equity,CARDINAL HEALTH INC,63.83,2357333
CAM US Equity,CAMERON INTERNATIONAL CORP,64.64,1377703
CAT US Equity,CATERPILLAR INC,104.62,3400839
CB US Equity,CHUBB CORP,93.46,1390234
CBG US Equity,CBRE GROUP INC - A,28.58,1873821
CBI US Equity,CHICAGO BRIDGE & IRON CO NV,79.91,720115
CBL US Equity,CBL & ASSOCIATES PROPERTIES,18.59,1685945
CBS US Equity,CBS CORP-CLASS B NON VOTING,56.65,7416779
CBSO US Equity,CBS OUTDOOR AMERICAS INC,29.71,1423570
CBT US Equity,CABOT CORP,58.59,487883
CCE US Equity,COCA-COLA ENTERPRISES,46.49,1087158
CCI US Equity,CROWN CASTLE INTL CORP,77.7,3237323
CCK US Equity,CROWN HOLDINGS INC,48.31,1346287
CCL US Equity,CARNIVAL CORP,39.26,2595093
CCO US Equity,CLEAR CHANNEL OUTDOOR-CL A,7.99,218422
CE US Equity,CELANESE CORP-SERIES A,60.71,1262506
CEB US Equity,CORPORATE EXECUTIVE BOARD CO,66.38,198580
CEQP US Equity,CRESTWOOD EQUITY PARTNERS LP,13.35,423797
CF US Equity,CF INDUSTRIES HOLDINGS INC,244.86,518911
CFN US Equity,CAREFUSION CORP,40.06,2051435
CFR US Equity,CULLEN/FROST BANKERS INC,75.64,372631
CFX US Equity,COLFAX CORP,73.83,601377
CHD US Equity,CHURCH & DWIGHT CO INC,68.04,948423
CHH US Equity,CHOICE HOTELS INTL INC,44.07,106980
CHK US Equity,CHESAPEAKE ENERGY CORP,29.61,18256645
CHMT US Equity,CHEMTURA CORP,24.4,1436940
CHS US Equity,CHICO'S FAS INC,15.51,1763448
CI US Equity,CIGNA CORP,85.37,2124944
CIE US Equity,COBALT INTERNATIONAL ENERGY,18.45,2351679
CIM US Equity,CHIMERA INVESTMENT CORP,3.09,2326597
CIT US Equity,CIT GROUP INC,42,2603447
CL US Equity,COLGATE-PALMOLIVE CO,67.23,2190966
CLB US Equity,CORE LABORATORIES N.V.,192.61,184292
CLC US Equity,CLARCOR INC,57.22,194677
CLF US Equity,CLIFFS NATURAL RESOURCES INC,17.86,2638198
CLGX US Equity,CORELOGIC INC,27.29,709959
CLH US Equity,CLEAN HARBORS INC,60.71,1354345
CLNY US Equity,COLONY FINANCIAL INC,21.35,509123
CLR US Equity,CONTINENTAL RESOURCES INC/OK,136.9,1933602
CLX US Equity,CLOROX COMPANY,87.87,1358450
CMA US Equity,COMERICA INC,47.69,1461013
CMC US Equity,COMMERCIAL METALS CO,19.04,907198
CMG US Equity,CHIPOTLE MEXICAN GRILL INC,500.83,571844
CMI US Equity,CUMMINS INC,149.56,1586450
CMLP US Equity,CRESTWOOD MIDSTREAM PARTNERS,21.99,417032
CMP US Equity,COMPASS MINERALS INTERNATION,92.59,338016
CMS US Equity,CMS ENERGY CORP,30.26,2750044
CNA US Equity,CNA FINANCIAL CORP,41.88,188662
CNC US Equity,CENTENE CORP,68.56,629900
CNHI US Equity,CNH INDUSTRIAL NV,11.6,775241
CNK US Equity,CINEMARK HOLDINGS INC,29.2,607047
CNL US Equity,CLECO CORPORATION,52.75,439099
CNO US Equity,CNO FINANCIAL GROUP INC,16.6,1411294
CNP US Equity,CENTERPOINT ENERGY INC,24.51,3346084
CNW US Equity,CON-WAY INC,44.52,616993
CNX US Equity,CONSOL ENERGY INC,43.87,2681589
COF US Equity,CAPITAL ONE FINANCIAL CORP,76.42,2835868
COG US Equity,CABOT OIL & GAS CORP,38.05,6844449
COH US Equity,COACH INC,42.01,9328220
COL US Equity,ROCKWELL COLLINS INC,79.81,1005232
COO US Equity,COOPER COS INC/THE,133.57,318365
COP US Equity,CONOCOPHILLIPS,78.11,7189262
COTY US Equity,COTY INC-CL A,15.88,525611
COV US Equity,COVIDIEN PLC,71.4,1720303
CPA US Equity,COPA HOLDINGS SA-CLASS A,132.27,653051
CPB US Equity,CAMPBELL SOUP CO,45.32,1017070
CPN US Equity,CALPINE CORP,23.5,5186376
CPT US Equity,CAMDEN PROPERTY TRUST,71.07,676112
CR US Equity,CRANE CO,73.25,475748
CRI US Equity,CARTER'S INC,72.04,461865
CRL US Equity,CHARLES RIVER LABORATORIES,52.29,1372364
CRM US Equity,SALESFORCE.COM INC,50.43,9040643
CRR US Equity,CARBO CERAMICS INC,138.97,229435
CRS US Equity,CARPENTER TECHNOLOGY,63.7,176980
CSC US Equity,COMPUTER SCIENCES CORP,58.02,883057
CSL US Equity,CARLISLE COS INC,83.77,291431
CST US Equity,CST BRANDS INC,31.64,761587
CSTM US Equity,CONSTELLIUM NV- CLASS A,30.57,308860
CSX US Equity,CSX CORP,28.06,4793514
CTL US Equity,CENTURYLINK INC,34.65,6623396
CUBE US Equity,CUBESMART,18.1,976576
CUZ US Equity,COUSINS PROPERTIES INC,11.7,1076235
CVA US Equity,COVANTA HOLDING CORP,18.81,5594713
CVC US Equity,CABLEVISION SYSTEMS-NY GRP-A,16.56,3271278
CVD US Equity,COVANCE INC,82.63,891591
CVG US Equity,CONVERGYS CORP,21.61,387801
CVI US Equity,CVR ENERGY INC,49.17,632758
CVRR US Equity,CVR REFINING LP,28.23,840333
CVS US Equity,CVS CAREMARK CORP,75.9,5480169
CVX US Equity,CHEVRON CORP,126.23,5436267
CW US Equity,CURTISS-WRIGHT CORP,67.75,218291
CWH US Equity,COMMONWEALTH REIT,25.77,3124796
CXO US Equity,CONCHO RESOURCES INC,134.6,1188991
CXP US Equity,COLUMBIA PROPERTY TRUST INC,28.49,1050738
CXW US Equity,CORRECTIONS CORP OF AMERICA,33.5,669560
CYH US Equity,COMMUNITY HEALTH SYSTEMS INC,37,4636103
CYN US Equity,CITY NATIONAL CORP,71.4,299790
CYT US Equity,CYTEC INDUSTRIES INC,98.04,210564
CZZ US Equity,COSAN LTD-CLASS A SHARES,12.25,1158187
D US Equity,DOMINION RESOURCES INC/VA,72.21,1942707
DAL US Equity,DELTA AIR LINES INC,38.24,10518652
DAN US Equity,DANA HOLDING CORP,21.07,1939287
DAR US Equity,DARLING INTERNATIONAL INC,19.85,1005948
DATA US Equity,TABLEAU SOFTWARE INC-CL A,56.36,4383236
DBD US Equity,DIEBOLD INC,36.45,967703
DCI US Equity,DONALDSON CO INC,42.3,431645
DCT US Equity,DCT INDUSTRIAL TRUST INC,7.71,6800519
DD US Equity,DU PONT (E.I.) DE NEMOURS,68.05,3330623
DDD US Equity,3D SYSTEMS CORP,49.11,3479305
DDR US Equity,DDR CORP,17.29,4181475
DDS US Equity,DILLARDS INC-CL A,94.52,392682
DE US Equity,DEERE & CO,94.53,2812835
DECK US Equity,DECKERS OUTDOOR CORP,76.33,705362
DEI US Equity,DOUGLAS EMMETT INC,27.66,1857662
DFS US Equity,DISCOVER FINANCIAL SERVICES,56.73,2353192
DG US Equity,DOLLAR GENERAL CORP,56.76,3648623
DGI US Equity,DIGITALGLOBE INC,32.03,786785
DGX US Equity,QUEST DIAGNOSTICS INC,55.9,3337624
DHI US Equity,DR HORTON INC,22.42,7110026
DHR US Equity,DANAHER CORP,72.81,3130488
DIS US Equity,WALT DISNEY CO/THE,80.29,11907798
DK US Equity,DELEK US HOLDINGS INC,32.27,742104
DKS US Equity,DICK'S SPORTING GOODS INC,51.25,861059
DLB US Equity,DOLBY LABORATORIES INC-CL A,39.01,567679
DLPH US Equity,DELPHI AUTOMOTIVE PLC,67.52,1158215
DLR US Equity,DIGITAL REALTY TRUST INC,55.79,2806483
DLX US Equity,DELUXE CORP,55.03,352377
DNB US Equity,DUN & BRADSTREET CORP,106.36,347699
DNP US Equity,DNP SELECT INCOME FUND INC,10.07,346447
DNR US Equity,DENBURY RESOURCES INC,17.3,6000323
DO US Equity,DIAMOND OFFSHORE DRILLING,52.61,1044502
DOV US Equity,DOVER CORP,85.96,799805
DOW US Equity,DOW CHEMICAL CO/THE,49.52,5097005
DPM US Equity,DCP MIDSTREAM PARTNERS LP,55.39,392299
DPS US Equity,DR PEPPER SNAPPLE GROUP INC,56.68,1385799
DPZ US Equity,DOMINO'S PIZZA INC,71.55,504827
DRC US Equity,DRESSER-RAND GROUP INC,61.79,542224
DRE US Equity,DUKE REALTY CORP,17.54,2823548
DRH US Equity,DIAMONDROCK HOSPITALITY CO,12.29,1608431
DRI US Equity,DARDEN RESTAURANTS INC,49.2,1331843
DRQ US Equity,DRIL-QUIP INC,114.19,209745
DSL US Equity,DOUBLELINE INCOME SOLUTIONS,21.97,265873
DST US Equity,DST SYSTEMS INC,89.84,618745
DSW US Equity,DSW INC-CLASS A,32.83,1753157
DTE US Equity,DTE ENERGY COMPANY,79.32,1152675
DUK US Equity,DUKE ENERGY CORP,73.82,2520169
DV US Equity,DEVRY EDUCATION GROUP INC,45,801139
DVA US Equity,DAVITA HEALTHCARE PARTNERS I,67.78,748994
DVN US Equity,DEVON ENERGY CORPORATION,73.06,8860707
DYN US Equity,DYNEGY INC,31,1449131
EAT US Equity,BRINKER INTERNATIONAL INC,49.08,561762
ECL US Equity,ECOLAB INC,105.11,813722
ED US Equity,CONSOLIDATED EDISON INC,57.8,1909446
EDU US Equity,NEW ORIENTAL EDUCATIO-SP ADR,22.88,2311591
EEP US Equity,ENBRIDGE ENERGY PARTNERS LP,29.97,587882
EEQ US Equity,ENBRIDGE ENERGY MANAGEMENT L,29.74,98282
EFX US Equity,EQUIFAX INC,71.07,459373
EGN US Equity,ENERGEN CORP,82.42,1264633
EGP US Equity,EASTGROUP PROPERTIES INC,62.55,237604
EIX US Equity,EDISON INTERNATIONAL,57.1,2626746
EL US Equity,ESTEE LAUDER COMPANIES-CL A,73.69,2356150
ELS US Equity,EQUITY LIFESTYLE PROPERTIES,43.18,326907
EMC US Equity,EMC CORP/MA,25.28,17121529
EME US Equity,EMCOR GROUP INC,45.34,263108
EMES US Equity,EMERGE ENERGY SERVICES LP,82.74,311277
EMN US Equity,EASTMAN CHEMICAL CO,86.41,798119
EMR US Equity,EMERSON ELECTRIC CO,67.2,2181227
ENBL US Equity,ENABLE MIDSTREAM PARTNERS LP,24.56,134994
ENH US Equity,ENDURANCE SPECIALTY HOLDINGS,52.72,640152
ENLC US Equity,ENLINK MIDSTREAM LLC,36.09,169969
ENLK US Equity,ENLINK MIDSTREAM PARTNERS LP,29.77,226117
ENR US Equity,ENERGIZER HOLDINGS INC,116.05,543668
ENS US Equity,ENERSYS,65.53,431042
EOG US Equity,EOG RESOURCES INC,104.79,5705837
EPB US Equity,EL PASO PIPELINE PARTNERS LP,33.84,506387
EPD US Equity,ENTERPRISE PRODUCTS PARTNERS,74.41,1258466
EPE US Equity,EP ENERGY CORP-CL A,19.76,381856
EPR US Equity,EPR PROPERTIES,53.71,265293
EQM US Equity,EQT MIDSTREAM PARTNERS LP,75.89,260995
EQR US Equity,EQUITY RESIDENTIAL,61.54,1575428
EQT US Equity,EQT CORP,108.73,1113472
EQY US Equity,EQUITY ONE INC,22.72,380844
ESL US Equity,ESTERLINE TECHNOLOGIES CORP,109.4,176725
ESS US Equity,ESSEX PROPERTY TRUST INC,179.61,417427
ESV US Equity,ENSCO PLC-CL A,51.5,1794537
ETE US Equity,ENERGY TRANSFER EQUITY LP,49.43,3005543
ETN US Equity,EATON CORP PLC,72.5,2355785
ETP US Equity,ENERGY TRANSFER PARTNERS LP,58.17,2121735
ETR US Equity,ENTERGY CORP,75.16,2693749
EV US Equity,EATON VANCE CORP,36.32,637368
EVER US Equity,EVERBANK FINANCIAL CORP,18.81,1143920
EVHC US Equity,ENVISION HEALTHCARE HOLDINGS,34.41,413044
EVR US Equity,EVERCORE PARTNERS INC-CL A,55.38,422640
EW US Equity,EDWARDS LIFESCIENCES CORP,83.76,832853
EXC US Equity,EXELON CORP,36.76,7082684
EXG US Equity,EATON VANCE TAX-MANAGED GLOB,10.23,769091
EXH US Equity,EXTERRAN HOLDINGS INC,44.44,2263389
EXP US Equity,EAGLE MATERIALS INC,82.5,702823
EXR US Equity,EXTRA SPACE STORAGE INC,51.97,598903
F US Equity,FORD MOTOR CO,15.46,32181828
FAF US Equity,FIRST AMERICAN FINANCIAL,27.22,495029
FBHS US Equity,FORTUNE BRANDS HOME & SECURI,38.96,2011339
FCE/A US Equity,FOREST CITY ENTERPRISES-CL A,19.18,524018
FCX US Equity,FREEPORT-MCMORAN COPPER,33.99,7314908
FDO US Equity,FAMILY DOLLAR STORES,57.19,636448
FDS US Equity,FACTSET RESEARCH SYSTEMS INC,105.51,205684
FDX US Equity,FEDEX CORP,138.54,1874280
FE US Equity,FIRSTENERGY CORP,33.89,7912491
FET US Equity,FORUM ENERGY TECHNOLOGIES IN,31.9,776383
FGP US Equity,FERRELLGAS PARTNERS-LP,25.43,93605
FHN US Equity,FIRST HORIZON NATIONAL CORP,11.34,1120396
FI US Equity,FRANK'S INTERNATIONAL NV,24.49,442721
FIG US Equity,FORTRESS INVESTMENT GRP-CL A,6.97,3069348
FII US Equity,FEDERATED INVESTORS INC-CL B,27.92,556891
FIS US Equity,FIDELITY NATIONAL INFORMATIO,53.72,1289168
FL US Equity,FOOT LOCKER INC,46.75,682884
FLO US Equity,FLOWERS FOODS INC,20.93,431248
FLR US Equity,FLUOR CORP,75.49,1275163
FLS US Equity,FLOWSERVE CORP,75.45,821882
FLT US Equity,FLEETCOR TECHNOLOGIES INC,120.12,499056
FMC US Equity,FMC CORP,73.29,3486251
FNB US Equity,FNB CORP,12.15,1112463
FNF US Equity,FIDELITY NATIONAL FINL-A,34.11,1701412
FR US Equity,FIRST INDUSTRIAL REALTY TR,18.18,761088
FRC US Equity,FIRST REPUBLIC BANK/CA,50.87,1144953
FRT US Equity,FEDERAL REALTY INVS TRUST,119.71,383694
FRX US Equity,FOREST LABORATORIES INC,91.56,2657294
FSIC US Equity,FS INVESTMENT CORP,10.14,1632576
FSL US Equity,FREESCALE SEMICONDUCTOR LTD,21.47,2210504
FTI US Equity,FMC TECHNOLOGIES INC,56.59,1390127
FUL US Equity,H.B. FULLER CO.,47.48,328113
FUN US Equity,CEDAR FAIR LP,51.98,262933
G US Equity,GENPACT LTD,16.47,664510
GA US Equity,GIANT INTERACTIVE GROUP-ADR,11.73,922403
GAS US Equity,AGL RESOURCES INC,53.99,499511
GCI US Equity,GANNETT CO,27.08,3184858
GD US Equity,GENERAL DYNAMICS CORP,111.96,2503673
GE US Equity,GENERAL ELECTRIC CO,26.53,24322399
GEF US Equity,GREIF INC-CL A,54.77,189523
GEL US Equity,GENESIS ENERGY L.P.,56,193790
GEO US Equity,GEO GROUP INC/THE,34.4,672452
GES US Equity,GUESS? INC,27.23,562507
GGG US Equity,GRACO INC,73.41,172039
GGP US Equity,GENERAL GROWTH PROPERTIES,23.41,3489653
GHC US Equity,GRAHAM HOLDINGS CO-CLASS B,676.6,21273
GIS US Equity,GENERAL MILLS INC,53.54,2637711
GLOG US Equity,GASLOG LTD,27.42,1350830
GLW US Equity,CORNING INC,20.88,9051881
GM US Equity,GENERAL MOTORS CO,35.07,9271172
GME US Equity,GAMESTOP CORP-CLASS A,35.84,5540612
GMED US Equity,GLOBUS MEDICAL INC - A,23.91,384824
GMT US Equity,GATX CORP,64.02,431997
GNC US Equity,GNC HOLDINGS INC-CL A,37.75,15736202
GNRC US Equity,GENERAC HOLDINGS INC,53.53,1269304
GNW US Equity,GENWORTH FINANCIAL INC-CL A,18.21,9902235
GPC US Equity,GENUINE PARTS CO,84.76,717673
GPK US Equity,GRAPHIC PACKAGING HOLDING CO,10.57,4929333
GPN US Equity,GLOBAL PAYMENTS INC,67.62,657029
GPS US Equity,GAP INC/THE,38.79,5178382
GRA US Equity,WR GRACE & CO,92.89,672785
GRUB US Equity,GRUBHUB INC,30.69,900429
GS US Equity,GOLDMAN SACHS GROUP INC,155.52,3261095
GWR US Equity,GENESEE & WYOMING INC-CL A,94.94,169139
GWRE US Equity,GUIDEWIRE SOFTWARE INC,37.06,1166122
GWW US Equity,WW GRAINGER INC,252.3,327293
GXP US Equity,GREAT PLAINS ENERGY INC,27.22,1229349
H US Equity,HYATT HOTELS CORP - CL A,57.58,523829
HAL US Equity,HALLIBURTON CO,64.74,6633300
HAR US Equity,HARMAN INTERNATIONAL,105.49,971713
HBI US Equity,HANESBRANDS INC,81.35,876065
HCA US Equity,HCA HOLDINGS INC,51.54,2652895
HCC US Equity,HCC INSURANCE HOLDINGS INC,46.7,324821
HCN US Equity,HEALTH CARE REIT INC,63.63,2125130
HCP US Equity,HCP INC,42.46,2520855
HD US Equity,HOME DEPOT INC,77.08,5378709
HE US Equity,HAWAIIAN ELECTRIC INDS,23.85,1426246
HEI US Equity,HEICO CORP,54.83,262525
HEP US Equity,HOLLY ENERGY PARTNERS LP,34.46,58625
HES US Equity,HESS CORP,88.93,1763709
HFC US Equity,HOLLYFRONTIER CORP,51.91,3079851
HHC US Equity,HOWARD HUGHES CORP/THE,148.57,142454
HIG US Equity,HARTFORD FINANCIAL SVCS GRP,35.33,3614558
HII US Equity,HUNTINGTON INGALLS INDUSTRIE,103.75,244313
HIW US Equity,HIGHWOODS PROPERTIES INC,40.69,528905
HK US Equity,HALCON RESOURCES CORP,5.29,8810771
HLF US Equity,HERBALIFE LTD,61.88,2961354
HLS US Equity,HEALTHSOUTH CORP,33.58,626810
HLT US Equity,HILTON WORLDWIDE HOLDINGS IN,22.66,2130114
HLX US Equity,HELIX ENERGY SOLUTIONS GROUP,23.57,746986
HME US Equity,HOME PROPERTIES INC,62.96,252603
HNT US Equity,HEALTH NET INC,37.41,3249029
HOG US Equity,HARLEY-DAVIDSON INC,72.44,1347246
HON US Equity,HONEYWELL INTERNATIONAL INC,92.92,2523724
HOT US Equity,STARWOOD HOTELS & RESORTS,78.52,2334135
HP US Equity,HELMERICH & PAYNE,109.68,1537731
HPQ US Equity,HEWLETT-PACKARD CO,32.32,8460687
HPT US Equity,HOSPITALITY PROPERTIES TRUST,30.69,729669
HR US Equity,HEALTHCARE REALTY TRUST INC,25.22,548015
HRB US Equity,H&R BLOCK INC,27.71,4664618
HRC US Equity,HILL-ROM HOLDINGS INC,38.33,468412
HRL US Equity,HORMEL FOODS CORP,48.17,639610
HRS US Equity,HARRIS CORP,74.87,905931
HSC US Equity,HARSCO CORP,24.89,778434
HSH US Equity,HILLSHIRE BRANDS CO/THE,36.97,972802
HSP US Equity,HOSPIRA INC,47.72,1966895
HST US Equity,HOST HOTELS & RESORTS INC,21.38,6670526
HSY US Equity,HERSHEY CO/THE,96.9,1215085
HTA US Equity,HEALTHCARE TRUST OF AME-CL A,12.1,3174915
HTZ US Equity,HERTZ GLOBAL HOLDINGS INC,28.75,7506497
HUB/B US Equity,HUBBELL INC -CL B,118.46,139591
HUM US Equity,HUMANA INC,119.05,4073248
HUN US Equity,HUNTSMAN CORP,25.47,2928756
HXL US Equity,HEXCEL CORP,42.02,664440
I US Equity,INTELSAT SA,19.58,250420
IBM US Equity,INTL BUSINESS MACHINES CORP,189.3,3821023
ICE US Equity,INTERCONTINENTALEXCHANGE GRO,201.75,1010492
IDA US Equity,IDACORP INC,55.6,205501
IEX US Equity,IDEX CORP,74.96,402026
IFF US Equity,INTL FLAVORS & FRAGRANCES,100,455154
IGT US Equity,INTL GAME TECHNOLOGY,12.58,4029310
IHS US Equity,IHS INC-CLASS A,121.3,223524
IM US Equity,INGRAM MICRO INC-CL A,26.1,2048900
IMS US Equity,IMS HEALTH HOLDINGS INC,23.78,694223
INGR US Equity,INGREDION INC,73.43,731711
INT US Equity,WORLD FUEL SERVICES CORP,45.24,277544
IOC US Equity,INTEROIL CORP,59.57,536551
IP US Equity,INTERNATIONAL PAPER CO,46.59,2540780
IPG US Equity,INTERPUBLIC GROUP OF COS INC,17.49,8770169
IR US Equity,INGERSOLL-RAND PLC,58.73,2806827
IRM US Equity,IRON MOUNTAIN INC,27.13,1021555
IT US Equity,GARTNER INC,71.31,655632
ITC US Equity,ITC HOLDINGS CORP,37.66,685167
ITT US Equity,ITT CORP,44.55,561493
ITW US Equity,ILLINOIS TOOL WORKS,86.12,1501555
IVR US Equity,INVESCO MORTGAGE CAPITAL,17.1,1515170
IVZ US Equity,INVESCO LTD,35.72,2240515
JAH US Equity,JARDEN CORP,56.51,1845943
JBL US Equity,JABIL CIRCUIT INC,17.54,1734599
JCI US Equity,JOHNSON CONTROLS INC,44.44,2351586
JCP US Equity,J.C. PENNEY CO INC,8.72,22425328
JEC US Equity,JACOBS ENGINEERING GROUP INC,57.07,1658165
JLL US Equity,JONES LANG LASALLE INC,117.15,387725
JNJ US Equity,JOHNSON & JOHNSON,100.91,8720814
JNPR US Equity,JUNIPER NETWORKS INC,24.67,4955521
JNS US Equity,JANUS CAPITAL GROUP INC,11.9,3975960
JOY US Equity,JOY GLOBAL INC,58.82,676875
JPM US Equity,JPMORGAN CHASE & CO,54.05,18503048
JW/A US Equity,WILEY (JOHN) & SONS-CLASS A,55.51,177947
JWN US Equity,NORDSTROM INC,60.67,1118941
K US Equity,KELLOGG CO,66.07,2339957
KAR US Equity,KAR AUCTION SERVICES INC,30.44,1629695
KATE US Equity,KATE SPADE & CO,34.81,2004562
KBR US Equity,KBR INC,23.44,3016965
KEX US Equity,KIRBY CORP,106.7,587469
KEY US Equity,KEYCORP,13.62,8684585
KIM US Equity,KIMCO REALTY CORP,23.2,3336251
KING US Equity,KING DIGITAL ENTERTAINMENT P,16.25,6756908
KKR US Equity,KKR & CO LP,22.03,5124562
KMB US Equity,KIMBERLY-CLARK CORP,110.95,1624645
KMI US Equity,KINDER MORGAN INC,32.78,4042636
KMP US Equity,KINDER MORGAN ENERGY PRTNRS,75.09,1059943
KMPR US Equity,KEMPER CORP,37.53,634232
KMR US Equity,KINDER MORGAN MANAGEMENT LLC,72.05,428955
KMT US Equity,KENNAMETAL INC,47.8,509448
KMX US Equity,CARMAX INC,44.11,2787204
KN US Equity,KNOWLES CORP,29.89,1120244
KO US Equity,COCA-COLA CO/THE,40.91,11115932
KOG US Equity,KODIAK OIL & GAS CORP,12.24,5019245
KORS US Equity,MICHAEL KORS HOLDINGS LTD,91.37,1711568
KOS US Equity,KOSMOS ENERGY LTD,10.65,1252970
KR US Equity,KROGER CO,46.35,5040871
KRC US Equity,KILROY REALTY CORP,60.61,474388
KS US Equity,KAPSTONE PAPER AND PACKAGING,25.77,659261
KSS US Equity,KOHLS CORP,53.6,3042579
KSU US Equity,KANSAS CITY SOUTHERN,99.55,522513
KW US Equity,KENNEDY-WILSON HOLDINGS INC,21.98,300548
KYN US Equity,KAYNE ANDERSON MLP INVESTMEN,37.02,245966
L US Equity,LOEWS CORP,43.85,1174752
LAZ US Equity,LAZARD LTD-CL A,49.36,591836
LB US Equity,L BRANDS INC,53.39,2160050
LDOS US Equity,LEIDOS HOLDINGS INC,37.48,630337
LEA US Equity,LEAR CORP,83.78,471983
LEAF US Equity,SPRINGLEAF HOLDINGS INC,24.21,436564
LEG US Equity,LEGGETT & PLATT INC,32.98,1532772
LEN US Equity,LENNAR CORP-A,38.56,2179408
LGF US Equity,LIONS GATE ENTERTAINMENT COR,25.55,1340542
LH US Equity,LABORATORY CRP OF AMER HLDGS,98.72,626505
LHO US Equity,LASALLE HOTEL PROPERTIES,32.5,766933
LII US Equity,LENNOX INTERNATIONAL INC,83.84,518958
LL US Equity,LUMBER LIQUIDATORS HOLDINGS,81.74,1103914
LLL US Equity,L-3 COMMUNICATIONS HOLDINGS,115.41,580904
LLY US Equity,ELI LILLY & CO,59.15,5453325
LM US Equity,LEGG MASON INC,47.3,1274649
LMT US Equity,LOCKHEED MARTIN CORP,164.2,1173308
LNC US Equity,LINCOLN NATIONAL CORP,48.94,1896794
LNKD US Equity,LINKEDIN CORP - A,143.37,5755907
LNT US Equity,ALLIANT ENERGY CORP,58.82,632828
LO US Equity,LORILLARD INC,58.53,3398874
LOW US Equity,LOWE'S COS INC,45.11,5148528
LPI US Equity,LAREDO PETROLEUM INC,29.99,2776903
LPT US Equity,LIBERTY PROPERTY TRUST,37.9,574474
LPX US Equity,LOUISIANA-PACIFIC CORP,15.91,4846029
LQ US Equity,LA QUINTA HOLDINGS INC,16.28,1149982
LUK US Equity,LEUCADIA NATIONAL CORP,25.68,1568721
LUV US Equity,SOUTHWEST AIRLINES CO,24.2,5860718
LVLT US Equity,LEVEL 3 COMMUNICATIONS INC,43.3,1125218
LVS US Equity,LAS VEGAS SANDS CORP,77.75,10835220
LXK US Equity,LEXMARK INTERNATIONAL INC-A,42.8,1229287
LXP US Equity,LEXINGTON REALTY TRUST,10.95,1571406
LYB US Equity,LYONDELLBASELL INDU-CL A,95.77,2549418
LYV US Equity,LIVE NATION ENTERTAINMENT IN,23.03,3692162
M US Equity,MACY'S INC,55.23,3835289
MA US Equity,MASTERCARD INC-CLASS A,73.87,4413087
MAA US Equity,MID-AMERICA APARTMENT COMM,71.82,471582
MAC US Equity,MACERICH CO/THE,65.43,758135
MAN US Equity,MANPOWERGROUP INC,82.01,790789
MANU US Equity,MANCHESTER UNITED PLC-CL A,17.15,56278
MAS US Equity,MASCO CORP,19.71,5070861
MBI US Equity,MBIA INC,12.07,4045008
MCD US Equity,MCDONALD'S CORP,101.96,4322592
MCK US Equity,MCKESSON CORP,166.42,1216258
MCO US Equity,MOODY'S CORP,81.98,1283975
MCY US Equity,MERCURY GENERAL CORP,48.45,135402
MD US Equity,MEDNAX INC,57.2,685060
MDP US Equity,MEREDITH CORP,44.86,166263
MDT US Equity,MEDTRONIC INC,59.32,3716561
MDU US Equity,MDU RESOURCES GROUP INC,35.77,505485
MET US Equity,METLIFE INC,50.1,6436990
MFA US Equity,MFA FINANCIAL INC,8.08,2611576
MGM US Equity,MGM RESORTS INTERNATIONAL,25.15,10457499
MHFI US Equity,MCGRAW HILL FINANCIAL INC,76.07,1184688
MHK US Equity,MOHAWK INDUSTRIES INC,137.5,970801
MIC US Equity,MACQUARIE INFRASTRUCTURE CO,60.26,350675
MJN US Equity,MEAD JOHNSON NUTRITION CO,87.08,1415405
MKC US Equity,MCCORMICK & CO-NON VTG SHRS,71.86,371277
MKL US Equity,MARKEL CORP,642.8,53035
MLM US Equity,MARTIN MARIETTA MATERIALS,122.43,642327
MMC US Equity,MARSH & MCLENNAN COS,48.71,2142961
MMM US Equity,3M CO,141.14,2238499
MMP US Equity,MAGELLAN MIDSTREAM PARTNERS,79.9,636085
MMS US Equity,MAXIMUS INC,42.04,460014
MNK US Equity,MALLINCKRODT PLC,74.42,2397649
MO US Equity,ALTRIA GROUP INC,40.06,7257409
MOG/A US Equity,MOOG INC-CLASS A,68.2,163456
MON US Equity,MONSANTO CO,115.94,2716604
MOS US Equity,MOSAIC CO/THE,48.75,2038267
MPC US Equity,MARATHON PETROLEUM CORP,95.2,2893018
MPLX US Equity,MPLX LP,58.44,66376
MPW US Equity,MEDICAL PROPERTIES TRUST INC,13.29,1466245
MR US Equity,MINDRAY MEDICAL INTL LTD-ADR,31.66,724941
MRC US Equity,MRC GLOBAL INC,29.26,1127060
MRK US Equity,MERCK & CO. INC.,55.84,22910169
MRO US Equity,MARATHON OIL CORP,35.52,11845515
MS US Equity,MORGAN STANLEY,29.7,12460769
MSCI US Equity,MSCI INC,42.14,865593
MSI US Equity,MOTOROLA SOLUTIONS INC,67.14,2506596
MSM US Equity,MSC INDUSTRIAL DIRECT CO-A,89.51,431851
MTB US Equity,M & T BANK CORP,120.91,674483
MTD US Equity,METTLER-TOLEDO INTERNATIONAL,236.61,246708
MTG US Equity,MGIC INVESTMENT CORP,8.62,7409033
MTN US Equity,VAIL RESORTS INC,67.14,169649
MTW US Equity,MANITOWOC COMPANY INC,28.23,2990572
MTX US Equity,MINERALS TECHNOLOGIES INC,60.76,173404
MTZ US Equity,MASTEC INC,38.38,741351
MUR US Equity,MURPHY OIL CORP,60.99,1228872
MUSA US Equity,MURPHY USA INC,44.95,1220907
MW US Equity,MEN'S WEARHOUSE INC/THE,49.08,948654
MWE US Equity,MARKWEST ENERGY PARTNERS LP,62.63,1033210
MWV US Equity,MEADWESTVACO CORP,39.25,2046036
N US Equity,NETSUITE INC,72.29,2542663
NAV US Equity,NAVISTAR INTERNATIONAL CORP,34.57,1156197
NBL US Equity,NOBLE ENERGY INC,71.72,1800287
NBR US Equity,NABORS INDUSTRIES LTD,26.39,4135356
NCR US Equity,NCR CORPORATION,30.07,2920120
NE US Equity,NOBLE CORP PLC,30.76,3200203
NEE US Equity,NEXTERA ENERGY INC,99.26,2165026
NEM US Equity,NEWMONT MINING CORP,24.01,8356738
NEU US Equity,NEWMARKET CORP,379.72,52732
NFG US Equity,NATIONAL FUEL GAS CO,74.46,329629
NFX US Equity,NEWFIELD EXPLORATION CO,34.57,3273667
NGL US Equity,NGL ENERGY PARTNERS LP,38.32,139924
NGLS US Equity,TARGA RESOURCES PARTNERS LP,62.69,214616
NHI US Equity,NATL HEALTH INVESTORS INC,62.31,311873
NI US Equity,NISOURCE INC,37.07,1734910
NJR US Equity,NEW JERSEY RESOURCES CORP,49.26,278788
NKE US Equity,NIKE INC -CL B,72.18,2802673
NLSN US Equity,NIELSEN NV,47.13,3528877
NLY US Equity,ANNALY CAPITAL MANAGEMENT IN,11.84,12355593
NNN US Equity,NATIONAL RETAIL PROPERTIES,35.18,972588
NOC US Equity,NORTHROP GRUMMAN CORP,120.92,899599
NOV US Equity,NATIONAL OILWELL VARCO INC,80.68,1977614
NOW US Equity,SERVICENOW INC,47.06,6097622
NRF US Equity,NORTHSTAR REALTY FINANCE COR,15.86,3973622
NRG US Equity,NRG ENERGY INC,35.08,9308882
NS US Equity,NUSTAR ENERGY LP,57.8,966329
NSC US Equity,NORFOLK SOUTHERN CORP,94.96,1152118
NSM US Equity,NATIONSTAR MORTGAGE HOLDINGS,28.98,1250197
NTI US Equity,NORTHERN TIER ENERGY LP,28.25,1234235
NU US Equity,NORTHEAST UTILITIES,47,1789504
NUE US Equity,NUCOR CORP,52.46,1606555
NUS US Equity,NU SKIN ENTERPRISES INC - A,77.99,1751371
NUV US Equity,NUVEEN MUNICIPAL VALUE FUND,9.76,251720
NVR US Equity,NVR INC,1090.95,66264
NWL US Equity,NEWELL RUBBERMAID INC,29.35,3891528
NYCB US Equity,NEW YORK COMMUNITY BANCORP,15.32,3987532
NYLD US Equity,NRG YIELD INC-CLASS A,43.75,451432
NYT US Equity,NEW YORK TIMES CO-A,15.21,970881
O US Equity,REALTY INCOME CORP,44.21,2160316
OAK US Equity,OAKTREE CAPITAL GROUP LLC,51,491963
OAS US Equity,OASIS PETROLEUM INC,48.47,1660232
OC US Equity,OWENS CORNING,39.8,1719785
OCN US Equity,OCWEN FINANCIAL CORP,31.71,2943179
OCR US Equity,OMNICARE INC,60.45,1017186
ODP US Equity,OFFICE DEPOT INC,5,15753080
OFC US Equity,CORPORATE OFFICE PROPERTIES,26.8,533076
OGE US Equity,OGE ENERGY CORP,36.53,874595
OHI US Equity,OMEGA HEALTHCARE INVESTORS,35.74,809822
OI US Equity,OWENS-ILLINOIS INC,32.11,1985561
OII US Equity,OCEANEERING INTL INC,72.49,748395
OILT US Equity,OILTANKING PARTNERS LP,85.81,37311
OIS US Equity,OIL STATES INTERNATIONAL INC,95.87,629466
OKE US Equity,ONEOK INC,64.61,2252094
OKS US Equity,ONEOK PARTNERS LP,56.61,617158
OLN US Equity,OLIN CORP,28,796416
OMC US Equity,OMNICOM GROUP,65.78,1108136
OMI US Equity,OWENS & MINOR INC,32.41,562033
OPK US Equity,OPKO HEALTH INC,8.23,1630137
ORCL US Equity,ORACLE CORP,41.06,12570390
ORI US Equity,OLD REPUBLIC INTL CORP,16.83,1312220
OSK US Equity,OSHKOSH CORP,54.76,460390
OXY US Equity,OCCIDENTAL PETROLEUM CORP,96.23,3386285
OZM US Equity,OCH-ZIFF CAPITAL MANAGEMEN-A,12.08,1330516
P US Equity,PANDORA MEDIA INC,22.17,11192369
PAA US Equity,PLAINS ALL AMER PIPELINE LP,58.69,934219
PAG US Equity,PENSKE AUTOMOTIVE GROUP INC,45.82,276845
PAGP US Equity,PLAINS GP HOLDINGS LP-CL A,28.98,1090347
PAH US Equity,PLATFORM SPECIALTY PRODUCTS,19.69,884643
PANW US Equity,PALO ALTO NETWORKS INC,59.99,3502676
PAY US Equity,VERIFONE SYSTEMS INC,32.26,1415778
PB US Equity,PROSPERITY BANCSHARES INC,58.63,318553
PBF US Equity,PBF ENERGY INC-CLASS A,31.13,1252419
PBI US Equity,PITNEY BOWES INC,26.03,3275005
PBYI US Equity,PUMA BIOTECHNOLOGY INC,65.6,373459
PCG US Equity,P G & E CORP,44.71,4426071
PCI US Equity,PIMCO DYNAMIC CREDIT INCOME,23.29,411145
PCL US Equity,PLUM CREEK TIMBER CO,44.09,843549
PCP US Equity,PRECISION CASTPARTS CORP,255,555772
PDM US Equity,PIEDMONT OFFICE REALTY TRU-A,18.59,840367
PEB US Equity,PEBBLEBROOK HOTEL TRUST,33.96,385129
PEG US Equity,PUBLIC SERVICE ENTERPRISE GP,39.88,3055573
PEP US Equity,PEPSICO INC,86.8,5500617
PF US Equity,PINNACLE FOODS INC,30.15,850909
PFE US Equity,PFIZER INC,29.02,49056067
PFG US Equity,PRINCIPAL FINANCIAL GROUP,46.38,1570164
PG US Equity,PROCTER & GAMBLE CO/THE,82.09,6639614
PGR US Equity,PROGRESSIVE CORP,24.61,7315913
PH US Equity,PARKER HANNIFIN CORP,123.89,1091418
PHM US Equity,PULTEGROUP INC,18.2,4548262
PII US Equity,POLARIS INDUSTRIES INC,132.75,363491
PKG US Equity,PACKAGING CORP OF AMERICA,66.95,724912
PKI US Equity,PERKINELMER INC,43.3,716520
PL US Equity,PROTECTIVE LIFE CORP,50.87,442462
PLD US Equity,PROLOGIS INC,41.22,2659791
PLL US Equity,PALL CORP,84.38,563981
PM US Equity,PHILIP MORRIS INTERNATIONAL,85.8,3604970
PNC US Equity,PNC FINANCIAL SERVICES GROUP,83.86,1669704
PNM US Equity,PNM RESOURCES INC,28.51,1593149
PNR US Equity,PENTAIR LTD-REGISTERED,75.14,1679741
PNW US Equity,PINNACLE WEST CAPITAL,55.92,1346272
PNY US Equity,PIEDMONT NATURAL GAS CO,34.85,331333
POL US Equity,POLYONE CORPORATION,38.56,594642
POM US Equity,PEPCO HOLDINGS INC,27.46,8850363
POR US Equity,PORTLAND GENERAL ELECTRIC CO,33.08,393681
POST US Equity,POST HOLDINGS INC,52.3,552697
PPG US Equity,PPG INDUSTRIES INC,198.74,809899
PPL US Equity,PPL CORPORATION,34.5,6865988
PPS US Equity,POST PROPERTIES INC,51.51,550666
PRA US Equity,PROASSURANCE CORP,45.32,390365
PRE US Equity,PARTNERRE LTD,106.19,698290
PRGO US Equity,PERRIGO CO PLC,130.55,4591105
PRI US Equity,PRIMERICA INC,43.89,440362
PRU US Equity,PRUDENTIAL FINANCIAL INC,80.9,2342429
PSA US Equity,PUBLIC STORAGE,173.2,870507
PSB US Equity,PS BUSINESS PARKS INC/CA,86.11,51343
PSX US Equity,PHILLIPS 66,85.03,2584177
PSXP US Equity,PHILLIPS 66 PARTNERS LP,55.89,145309
PVH US Equity,PVH CORP,127.38,781812
PWR US Equity,QUANTA SERVICES INC,34.19,1875239
PX US Equity,PRAXAIR INC,130,1590272
PXD US Equity,PIONEER NATURAL RESOURCES CO,208.2,3159613
Q US Equity,QUINTILES TRANSNATIONAL HOLD,47.35,643970
QEP US Equity,QEP RESOURCES INC,30.86,3143437
QIHU US Equity,QIHOO 360 TECHNOLOGY CO-ADR,78.1,6513018
R US Equity,RYDER SYSTEM INC,82.51,466571
RAD US Equity,RITE AID CORP,7.71,23402361
RAI US Equity,REYNOLDS AMERICAN INC,56.36,1654281
RAX US Equity,RACKSPACE HOSTING INC,26.91,3101801
RBC US Equity,REGAL-BELOIT CORP,75.76,326792
RCL US Equity,ROYAL CARIBBEAN CRUISES LTD,52.04,1162112
RDC US Equity,ROWAN COMPANIES PLC-A,31.46,2338902
RDN US Equity,RADIAN GROUP INC,14.83,10096821
RE US Equity,EVEREST RE GROUP LTD,160.22,365001
REG US Equity,REGENCY CENTERS CORP,53.47,365268
RES US Equity,RPC INC,22.31,1813020
RF US Equity,REGIONS FINANCIAL CORP,10.25,13393387
RGA US Equity,REINSURANCE GROUP OF AMERICA,77.46,503040
RGC US Equity,REGAL ENTERTAINMENT GROUP-A,18.73,799741
RGP US Equity,REGENCY ENERGY PARTNERS LP,28.54,1165596
RH US Equity,RESTORATION HARDWARE HOLDING,61.7,874918
RHI US Equity,ROBERT HALF INTL INC,45.22,1295609
RHP US Equity,RYMAN HOSPITALITY PROPERTIES,46.35,468993
RHT US Equity,RED HAT INC,48.76,1379977
RICE US Equity,RICE ENERGY INC,29.99,1497525
RIG US Equity,TRANSOCEAN LTD,43.33,4542690
RJF US Equity,RAYMOND JAMES FINANCIAL INC,49.65,448719
RKT US Equity,ROCK TENN COMPANY -CL A,95.95,955108
RL US Equity,RALPH LAUREN CORP,152.56,994665
RLGY US Equity,REALOGY HOLDINGS CORP,37.5,3226959
RLJ US Equity,RLJ LODGING TRUST,26.61,1399346
RMD US Equity,RESMED INC,49.97,841747
RNR US Equity,RENAISSANCERE HOLDINGS LTD,103.32,549503
ROC US Equity,ROCKWOOD HOLDINGS INC,73.33,3277026
ROK US Equity,ROCKWELL AUTOMATION INC,119.58,633306
ROL US Equity,ROLLINS INC,30.23,146157
ROP US Equity,ROPER INDUSTRIES INC,138.93,396478
RPAI US Equity,RETAIL PROPERTIES OF AME - A,14.81,1425552
RPM US Equity,RPM INTERNATIONAL INC,42.32,727529
RRC US Equity,RANGE RESOURCES CORP,90.28,1165900
RS US Equity,RELIANCE STEEL & ALUMINUM,71.8,265560
RSG US Equity,REPUBLIC SERVICES INC,35.15,888072
RSPP US Equity,RSP PERMIAN INC,28.92,285025
RTN US Equity,RAYTHEON COMPANY,97.79,2069598
RXN US Equity,REXNORD CORP,27.38,338227
RYN US Equity,RAYONIER INC,45.99,575263
S US Equity,SPRINT CORP,8.73,10323832
SAM US Equity,BOSTON BEER COMPANY INC-A,234.88,91809
SBH US Equity,SALLY BEAUTY HOLDINGS INC,24.95,2548053
SC US Equity,SANTANDER CONSUMER USA HOLDI,22.04,622224
SCCO US Equity,SOUTHERN COPPER CORP,28.68,1449021
SCG US Equity,SCANA CORP,53.03,1239022
SCHW US Equity,SCHWAB (CHARLES) CORP,26.21,8924985
SCI US Equity,SERVICE CORP INTERNATIONAL,18.83,844362
SCS US Equity,STEELCASE INC-CL A,16.34,504474
SD US Equity,SANDRIDGE ENERGY INC,6.73,8396598
SDLP US Equity,SEADRILL PARTNERS LLC,29.57,320440
SE US Equity,SPECTRA ENERGY CORP,39.17,4238217
SEAS US Equity,SEAWORLD ENTERTAINMENT INC,30.57,922876
SEE US Equity,SEALED AIR CORP,33.32,1610653
SEMG US Equity,SEMGROUP CORP-CLASS A,63.83,485561
SEP US Equity,SPECTRA ENERGY PARTNERS LP,55.25,399071
SF US Equity,STIFEL FINANCIAL CORP,46.7,383086
SFG US Equity,STANCORP FINANCIAL GROUP,60.85,229564
SFUN US Equity,SOUFUN HOLDINGS LTD-ADR,10.52,14899280
SGY US Equity,STONE ENERGY CORP,44.29,1060341
SHO US Equity,SUNSTONE HOTEL INVESTORS INC,14.29,1983589
SHW US Equity,SHERWIN-WILLIAMS CO/THE,199.25,651065
SIG US Equity,SIGNET JEWELERS LTD,101.74,870849
SIX US Equity,SIX FLAGS ENTERTAINMENT CORP,41.14,990308
SJM US Equity,JM SMUCKER CO/THE,98.61,783783
SKT US Equity,TANGER FACTORY OUTLET CENTER,35.85,615042
SKX US Equity,SKECHERS USA INC-CL A,39.68,997441
SLB US Equity,SCHLUMBERGER LTD,101.88,4075315
SLCA US Equity,US SILICA HOLDINGS INC,46.31,1570075
SLG US Equity,SL GREEN REALTY CORP,107.59,568838
SLH US Equity,SOLERA HOLDINGS INC,65.86,233828
SM US Equity,SM ENERGY CO,76.08,981697
SMG US Equity,SCOTTS MIRACLE-GRO CO-CL A,61.49,293265
SMLP US Equity,SUMMIT MIDSTREAM PARTNERS LP,45.48,30181
SNA US Equity,SNAP-ON INC,115.76,374862
SNH US Equity,SENIOR HOUSING PROP TRUST,23.6,1406709
SNI US Equity,SCRIPPS NETWORKS INTER-CL A,74.47,617845
SNV US Equity,SYNOVUS FINANCIAL CORP,3.23,5264752
SNX US Equity,SYNNEX CORP,62.04,214332
SO US Equity,SOUTHERN CO/THE,44.86,5183998
SON US Equity,SONOCO PRODUCTS CO,41.92,305269
SPB US Equity,SPECTRUM BRANDS HOLDINGS INC,74.99,430650
SPF US Equity,STANDARD PACIFIC CORP,7.66,4600593
SPG US Equity,SIMON PROPERTY GROUP INC,175.73,1480388
SPH US Equity,SUBURBAN PROPANE PARTNERS LP,43.39,171639
SPN US Equity,SUPERIOR ENERGY SERVICES INC,32.83,1526531
SPR US Equity,SPIRIT AEROSYSTEMS HOLD-CL A,33.15,1619022
SPW US Equity,SPX CORP,103.45,233568
SRC US Equity,SPIRIT REALTY CAPITAL INC,10.97,2905443
SRE US Equity,SEMPRA ENERGY,100.41,1075291
SSS US Equity,SOVRAN SELF STORAGE INC,76.43,223987
SSTK US Equity,SHUTTERSTOCK INC,68.29,638644
SSW US Equity,SEASPAN CORP,21.86,145235
ST US Equity,SENSATA TECHNOLOGIES HOLDING,41.91,1009397
STAY US Equity,EXTENDED STAY AMERICA INC,22.4,359282
STE US Equity,STERIS CORP,47.64,334106
STI US Equity,SUNTRUST BANKS INC,38.2,2885431
STJ US Equity,ST JUDE MEDICAL INC,63.95,2623936
STR US Equity,QUESTAR CORP,23.98,802735
STT US Equity,STATE STREET CORP,64.25,2179266
STWD US Equity,STARWOOD PROPERTY TRUST INC,24.06,1776760
STZ US Equity,CONSTELLATION BRANDS INC-A,79.12,1437281
SUNE US Equity,SUNEDISON INC,18.31,21023983
SWFT US Equity,SWIFT TRANSPORTATION CO,22.37,4345640
SWI US Equity,SOLARWINDS INC,37.83,1770736
SWK US Equity,STANLEY BLACK & DECKER INC,86.15,1194390
SWN US Equity,SOUTHWESTERN ENERGY CO,46.69,3719442
SWX US Equity,SOUTHWEST GAS CORP,55.01,272439
SWY US Equity,SAFEWAY INC,34.3,2990041
SXL US Equity,SUNOCO LOGISTICS PARTNERS LP,95.55,227515
SXT US Equity,SENSIENT TECHNOLOGIES CORP,55.24,304898
SYA US Equity,SYMETRA FINANCIAL CORP,20.82,279077
SYK US Equity,STRYKER CORP,79.42,1261666
SYY US Equity,SYSCO CORP,36.74,2226957
T US Equity,AT&T INC,35.76,20271152
TAP US Equity,MOLSON COORS BREWING CO -B,61.95,1876498
TARO US Equity,TARO PHARMACEUTICAL INDUS,115.65,30612
TCB US Equity,TCF FINANCIAL CORP,15.25,1554795
TCO US Equity,TAUBMAN CENTERS INC,73.9,339821
TCP US Equity,TC PIPELINES LP,51.16,147583
TDC US Equity,TERADATA CORP,43.97,2829634
TDG US Equity,TRANSDIGM GROUP INC,178.96,479780
TDS US Equity,TELEPHONE AND DATA SYSTEMS,27.59,491051
TDW US Equity,TIDEWATER INC,49.53,418123
TDY US Equity,TELEDYNE TECHNOLOGIES INC,94.95,130566
TE US Equity,TECO ENERGY INC,18.07,1850870
TEG US Equity,INTEGRYS ENERGY GROUP INC,59.31,387789
TEL US Equity,TE CONNECTIVITY LTD,58.45,1149112
TEN US Equity,TENNECO INC,59.44,541557
TER US Equity,TERADYNE INC,17.63,2338528
TEX US Equity,TEREX CORP,39.91,2193906
TFX US Equity,TELEFLEX INC,105.36,226185
TGH US Equity,TEXTAINER GROUP HOLDINGS LTD,39.14,203005
TGI US Equity,TRIUMPH GROUP INC,65.54,791028
TGP US Equity,TEEKAY LNG PARTNERS LP,43.92,92938
TGT US Equity,TARGET CORP,58.13,6424711
THC US Equity,TENET HEALTHCARE CORP,44.55,1562030
THG US Equity,HANOVER INSURANCE GROUP INC/,59.32,187089
THO US Equity,THOR INDUSTRIES INC,60.75,265661
THS US Equity,TREEHOUSE FOODS INC,76.39,349177
TIF US Equity,TIFFANY & CO,86.71,478781
TJX US Equity,TJX COMPANIES INC,57.21,2895475
TK US Equity,TEEKAY CORP,57.99,382424
TKR US Equity,TIMKEN CO,63.26,619779
TLLP US Equity,TESORO LOGISTICS LP,68.49,84096
TMH US Equity,TEAM HEALTH HOLDINGS INC,48.73,472618
TMHC US Equity,TAYLOR MORRISON HOME CORP-A,21.9,490700
TMK US Equity,TORCHMARK CORP,80.26,463065
TMO US Equity,THERMO FISHER SCIENTIFIC INC,116.44,1820577
TMUS US Equity,T-MOBILE US INC,32.01,3966838
TNH US Equity,TERRA NITROGEN COMPANY LP,143.32,23603
TOL US Equity,TOLL BROTHERS INC,34.07,1456852
TOO US Equity,TEEKAY OFFSHORE PARTNERS LP,36.36,184924
TPX US Equity,TEMPUR SEALY INTERNATIONAL I,52.87,881359
TR US Equity,TOOTSIE ROLL INDS,27.74,73113
TRGP US Equity,TARGA RESOURCES CORP,110.88,362682
TRN US Equity,TRINITY INDUSTRIES INC,78.16,1594713
TROX US Equity,TRONOX LTD-CL A,24.11,839905
TRV US Equity,TRAVELERS COS INC/THE,91.07,3279244
TRW US Equity,TRW AUTOMOTIVE HOLDINGS CORP,79.52,831483
TSN US Equity,TYSON FOODS INC-CL A,39.23,3890912
TSO US Equity,TESORO CORP,54.05,3969736
TSS US Equity,TOTAL SYSTEM SERVICES INC,32.39,3177222
TTC US Equity,TORO CO,63.62,308267
TUP US Equity,TUPPERWARE BRANDS CORP,83.5,398664
TW US Equity,TOWERS WATSON & CO-CL A,105.86,1256874
TWC US Equity,TIME WARNER CABLE,141.31,2071207
TWO US Equity,TWO HARBORS INVESTMENT CORP,10.49,6207253
TWTR US Equity,TWITTER INC,30.66,68876278
TWX US Equity,TIME WARNER INC,67.82,5999250
TX US Equity,TERNIUM SA-SPONSORED ADR,29.8,156604
TXI US Equity,TEXAS INDUSTRIES INC,85.32,157450
TXT US Equity,TEXTRON INC,38.95,1455690
TYC US Equity,TYCO INTERNATIONAL LTD,41.04,2956209
TYL US Equity,TYLER TECHNOLOGIES INC,76.91,290364
UA US Equity,UNDER ARMOUR INC-CLASS A,46.24,4360252
UAL US Equity,UNITED CONTINENTAL HOLDINGS,39.9,5593138
UDR US Equity,UDR INC,26.8,1794594
UFS US Equity,DOMTAR CORP,93.12,350858
UGI US Equity,UGI CORP,46.78,590183
UHS US Equity,UNIVERSAL HEALTH SERVICES-B,82.46,573659
UIL US Equity,UIL HOLDINGS CORP,35.92,541444
UNH US Equity,UNITEDHEALTH GROUP INC,77.91,6383483
UNM US Equity,UNUM GROUP,33.62,1224419
UNP US Equity,UNION PACIFIC CORP,188.35,2655858
UNS US Equity,UNS ENERGY CORP,60.21,293656
UNT US Equity,UNIT CORP,66.23,346494
UPL US Equity,ULTRA PETROLEUM CORP,29.13,3508492
UPS US Equity,UNITED PARCEL SERVICE-CL B,98.83,1923015
URI US Equity,UNITED RENTALS INC,93.34,1543331
URS US Equity,URS CORP,46.94,489302
USB US Equity,US BANCORP,40.46,6869343
USG US Equity,USG CORP,29.4,1185306
USM US Equity,US CELLULAR CORP,42.44,108324
UTF US Equity,COHEN & STEERS INFRASTRUCTUR,23.11,224726
UTX US Equity,UNITED TECHNOLOGIES CORP,116.91,2606228
V US Equity,VISA INC-CLASS A SHARES,208.7,3683365
VAL US Equity,VALSPAR CORP,72.94,447650
VAR US Equity,VARIAN MEDICAL SYSTEMS INC,80.33,1100079
VC US Equity,VISTEON CORP,89.4,788903
VEEV US Equity,VEEVA SYSTEMS INC-CLASS A,17.87,2393738
VFC US Equity,VF CORP,60.95,1205109
VGR US Equity,VECTOR GROUP LTD,21.31,757385
VHI US Equity,VALHI INC,7.5,20491
VIPS US Equity,VIPSHOP HOLDINGS LTD - ADS,137.9,1985606
VLO US Equity,VALERO ENERGY CORP,57.82,7327658
VLP US Equity,VALERO ENERGY PARTNERS LP,44.08,107213
VLY US Equity,VALLEY NATIONAL BANCORP,9.76,1832212
VMC US Equity,VULCAN MATERIALS CO,62.23,1627389
VMI US Equity,VALMONT INDUSTRIES,149.6,152866
VMW US Equity,VMWARE INC-CLASS A,92.28,1638737
VNO US Equity,VORNADO REALTY TRUST,105.2,916327
VNTV US Equity,VANTIV INC - CL A,29.57,932886
VOYA US Equity,VOYA FINANCIAL INC,33.99,4103241
VR US Equity,VALIDUS HOLDINGS LTD,37.67,684543
VSH US Equity,VISHAY INTERTECHNOLOGY INC,14.41,1080054
VTR US Equity,VENTAS INC,67.88,1338681
VVC US Equity,VECTREN CORPORATION,40.71,269226
VZ US Equity,VERIZON COMMUNICATIONS INC,48.1,23606564
WAB US Equity,WABTEC CORP,74.85,331798
WAG US Equity,WALGREEN CO,69.87,4197927
WAIR US Equity,WESCO AIRCRAFT HOLDINGS INC,21.72,873269
WAL US Equity,WESTERN ALLIANCE BANCORP,22.74,480212
WAT US Equity,WATERS CORP,101.77,865501
WBC US Equity,WABCO HOLDINGS INC,105.09,379572
WBS US Equity,WEBSTER FINANCIAL CORP,29.84,510789
WCC US Equity,WESCO INTERNATIONAL INC,85.84,414395
WCG US Equity,WELLCARE HEALTH PLANS INC,72.67,1269580
WCN US Equity,WASTE CONNECTIONS INC,44.73,468111
WDAY US Equity,WORKDAY INC-CLASS A,67.48,5893979
WDR US Equity,WADDELL & REED FINANCIAL-A,67.54,959434
WEC US Equity,WISCONSIN ENERGY CORP,48.45,1886741
WES US Equity,WESTERN GAS PARTNERS LP,70.58,159667
WEX US Equity,WEX INC,93.09,162848
WFC US Equity,WELLS FARGO & CO,49.39,15507424
WFT US Equity,WEATHERFORD INTL LTD,21.41,7985404
WGL US Equity,WGL HOLDINGS INC,38.6,238712
WGP US Equity,WESTERN GAS EQUITY PARTNERS,51.27,84228
WHR US Equity,WHIRLPOOL CORP,151.77,872896
WLK US Equity,WESTLAKE CHEMICAL CORP,77.01,930044
WLL US Equity,WHITING PETROLEUM CORP,71.42,1907230
WLP US Equity,WELLPOINT INC,104.74,2210782
WM US Equity,WASTE MANAGEMENT INC,43.96,1811493
WMB US Equity,WILLIAMS COS INC,44.41,6576287
WMT US Equity,WAL-MART STORES INC,77.96,6086214
WNR US Equity,WESTERN REFINING INC,42.39,1379362
WOR US Equity,WORTHINGTON INDUSTRIES,37.02,385815
WPC US Equity,WP CAREY INC,61.7,503272
WPX US Equity,WPX ENERGY INC,21.95,5792564
WPZ US Equity,WILLIAMS PARTNERS LP,53.64,418558
WR US Equity,WESTAR ENERGY INC,35.71,1557164
WRB US Equity,WR BERKLEY CORP,45,631712
WRI US Equity,WEINGARTEN REALTY INVESTORS,31.72,398133
WSH US Equity,WILLIS GROUP HOLDINGS PLC,41.52,1614905
WSM US Equity,WILLIAMS-SONOMA INC,61.42,726559
WSO US Equity,WATSCO INC,101.94,146412
WST US Equity,WEST PHARMACEUTICAL SERVICES,43.18,245962
WTM US Equity,WHITE MOUNTAINS INSURANCE GP,597.9099,34990
WTR US Equity,AQUA AMERICA INC,25.44,641242
WU US Equity,WESTERN UNION CO,16.27,7529707
WUBA US Equity,58.COM INC-ADR,37.97,2163545
WWAV US Equity,WHITEWAVE FOODS CO - CL A,26.61,2345312
WWW US Equity,WOLVERINE WORLD WIDE INC,25.99,1178406
WX US Equity,WUXI PHARMATECH CAYMAN-ADR,34.63,513390
WY US Equity,WEYERHAEUSER CO,30.42,2500329
WYN US Equity,WYNDHAM WORLDWIDE CORP,71.58,905529
X US Equity,UNITED STATES STEEL CORP,25.26,5107900
XEC US Equity,CIMAREX ENERGY CO,131.32,3886960
XEL US Equity,XCEL ENERGY INC,31.64,3458283
XL US Equity,XL GROUP PLC,31.98,2642558
XLS US Equity,EXELIS INC,17.57,1175787
XOM US Equity,EXXON MOBIL CORP,103.11,11007353
XRX US Equity,XEROX CORP,11.83,10013945
XYL US Equity,XYLEM INC,37.22,641078
Y US Equity,ALLEGHANY CORP,414.34,72224
YELP US Equity,YELP INC,52.74,10979153
YOKU US Equity,YOUKU TUDOU INC-ADR,20.72,4202175
YUM US Equity,YUM! BRANDS INC,75.77,2090366
ZMH US Equity,ZIMMER HOLDINGS INC,100.03,1354023
ZTS US Equity,ZOETIS INC,30.65,6810642
